City,State,Jan,Feb,Mar,Apr,May,Jun,Jul,Aug,Sep,Oct,Nov,Dec,Average AQI(2024),Latitude,Longitude
Byrnihat,Meghalaya,174.4,183.7,153.3,140,105.7,88.4,90,86,68.6,87.4,146,193.7,126.4333333,26.0543348,91.8696498
Delhi,Delhi,219.3,110.3,76.8,64.6,84.4,52.6,39.6,26.6,42.8,120.1,276.5,185.9,108.2916667,28.6517178,77.2219388
Mullanpur,Punjab,123.3,111.2,79.6,47.2,67,53.1,72.3,42.5,62.2,142.7,302.5,146,104.1333333,30.7191606,76.3660295
Faridabad,Haryana,211.3,116,107.4,130.9,188.9,100.3,54.2,29.7,36.8,57.8,119.8,74.3,102.2833333,28.4031478,77.3105561
Loni,Uttar Pradesh,135.7,81.2,60.1,56.9,68.7,63.4,54.7,32.9,58.5,134.5,235.7,120.1,91.86666667,28.7317295,77.2900919
New Delhi,Delhi,190.4,91,66.4,52.8,75.4,49.9,34.6,24.5,37.8,99.6,224,152.1,91.54166667,28.6430858,77.2192671
Gurugram,Haryana,138.8,104.8,86.2,96.6,86.2,65.6,49.6,39.4,43.2,79.9,146.2,113.8,87.525,28.4808629,77.0848883
Ganganagar,Rajasthan,159.4,104.8,64.6,65.7,102.1,78.6,53.9,55.8,69.9,52.5,127.3,93.6,85.68333333,29.9049489,73.8792934
Greater Noida,Uttar Pradesh,168.9,108.5,72.8,68.6,92.1,59.2,37.6,26,42,87.5,135.7,105.1,83.66666667,28.4670734,77.5137649
Bhiwadi,Rajasthan,128.2,91.7,74.4,78.7,103.4,77.7,49.7,33.8,40.2,88.3,142.2,85.7,82.83333333,28.2039413,76.837441
Muzaffarnagar,Uttar Pradesh,134.5,114.7,82.7,74.2,99.9,66.3,51.5,36.7,47.3,100.9,113.7,71,82.78333333,29.4496978,77.7429333
Hanumangarh,Rajasthan,165,119.3,80.6,50.4,70.3,57.6,25.3,15.9,45,73.3,125.6,84.5,76.06666667,29.3659533,74.298429
Noida,Uttar Pradesh,173.3,94.5,59.9,52.2,72.5,45.1,31.1,25.6,39.7,92.9,147.2,119.7,79.475,28.5706333,77.3272147
Ballabgarh,Haryana,124.7,94.5,83.8,88.4,93.6,81.1,41.2,30.8,35,76.1,116.3,70.5,78,28.2940728,77.3592238
Mandi Gobindgarh,Punjab,87.6,77.5,77.2,82.5,94.6,99.4,58.5,49.4,60.2,76.6,105.2,71.8,78.375,30.6693384,76.2974678
Bahadurgarh,Haryana,117.7,73,66.2,47.2,84.3,70.5,34.7,22.3,30.7,82.8,162.9,145.8,78.175,28.6609648,76.8346765
Faridabad,Haryana,126,76.7,73.8,75.6,98.9,76.7,52.6,37.1,35.1,63,111.4,90.5,76.45,28.4031478,77.3105561
Bhagalpur,Bihar,206,110.9,74.6,66.1,59,62.5,35.8,37,31.4,51.9,91.5,86.2,76.075,25.2861354,87.1304229
Araria,Bihar,152.6,131.1,49.8,54.1,34.5,23.3,31.7,53.7,49.9,50.4,92.7,89.4,67.76666667,26.2651013,87.3699437
Ghaziabad,Uttar Pradesh,152,74.4,50.5,50.1,62,39,34.6,26.7,44,100.3,153.1,107,74.475,28.7749966,77.4586967
Charkhi Dadri,Haryana,78.2,66.3,63.7,77,81.3,90.8,51.1,27.2,43.8,84.8,134.9,94.6,74.475,28.5919933,76.2719817
Patna,Bihar,130.7,84.5,70.7,91.3,72.3,57.2,30.5,29.4,33.5,67.3,106.9,110.9,73.76666667,25.6093239,85.1235252
Rohtak,Haryana,104.8,53.7,53.9,69.6,83.6,115.8,52.2,27,39.6,64.2,121.5,94.2,73.34166667,28.9010899,76.5801935
Durgapur,West Bengal,94,67.7,61.6,93.4,57.6,59.3,37.3,39.5,35.8,71.9,121.6,128.9,72.38333333,23.5350475,87.3380425
Asansol,West Bengal,104.7,84.1,69.2,92.3,69.2,55.4,28.8,32.8,34.5,64.9,110.5,121.4,72.31666667,23.6871297,86.9746587
Hajipur,Bihar,81.1,60.5,43.9,56.1,57.3,66.3,38.4,34.7,44.4,79.8,163.5,137.7,71.975,25.6905702,85.2090351
Singrauli,Madhya Pradesh,96.1,71,59.8,71.2,75.3,48.7,35.1,31.3,42,83,120.1,108.8,70.2,24.2431343,82.3827672
Chhapra,Bihar,153.6,107.6,81.4,89.6,56.4,34.6,16.7,36.6,41.4,38.7,87.7,76.8,68.425,25.7784105,84.7514507
Chandigarh,Chandigarh,160.1,83.3,57.4,44.5,62.5,48.3,31.6,18.7,30.3,69.6,130.9,100.1,69.775,30.7334421,76.7797143
Dharuhera,Haryana,79.7,67.5,63.6,60.1,84.9,66.5,47,35.4,34.5,75.1,134.5,71.2,68.33333333,28.2055216,76.7953099
Saharsa,Bihar,188.1,97.3,54.2,50.9,47.2,30.1,14.7,24.8,18.3,27,110.9,99.6,63.59166667,25.8330757,86.6143751
Angul,Odisha,146.7,100.6,79.3,82.3,50.4,41.5,28.9,22.7,27.9,43.2,82.9,96,66.86666667,21.102538,84.9536825
Muzaffarpur,Bihar,117.4,87.8,69.3,94.3,58.5,45.6,28.3,22.9,26.4,54.7,106.7,93.8,67.14166667,26.1482548,85.3316097
Baddi,Himachal Pradesh,162.5,88.5,56.8,32.7,57.9,51.9,45.2,30.5,40.9,71.7,98.3,74.9,67.65,30.9763026,76.7674001
Hapur,Uttar Pradesh,101.1,132.7,52.5,42.2,51.3,31,27.8,20.7,35.2,98.4,151,54.6,66.54166667,28.7166767,77.890433
Bhiwani,Haryana,80.4,60.9,65.3,69.8,78.5,54.7,25.2,29,42.9,77.8,140.4,69.2,66.175,28.7931703,76.1391283
Munger,Bihar,88.5,70.4,79.5,70.1,55.6,76.4,75,20.2,19.8,50.7,87.8,83.2,64.76666667,25.2202864,86.5161484
Talcher,Odisha,127.1,84.9,63.9,87.6,44.2,36.3,23.1,27.6,31.4,51.6,97.1,92.3,63.925,20.9322302,85.2005822
Manesar,Haryana,102.7,74.4,52.8,55.1,69.8,55.7,32.7,31.4,47.2,74.2,109.5,79.6,65.425,28.3247096,76.9263787
Agartala,Tripura,127.6,104.8,80.7,63.3,45.7,32.5,21.1,22.5,25.6,43.9,68.3,110,62.16666667,23.8312377,91.2823821
Panipat,Haryana,71.2,56.4,65.3,48,63.8,69.6,44,44.6,46,70.5,106.8,78.5,63.725,29.3912753,76.9771675
Dholpur,Rajasthan,134.2,98.5,79.8,43.7,47.8,55.6,68.8,25,32.4,38.1,64.8,67.1,62.98333333,26.7010642,77.896749
Nalbari,Assam,150.4,116.5,81.2,53.8,32.5,29.8,21.8,31.1,39.6,33.9,37.9,92.3,60.06666667,26.3533631,91.3983662
Hisar,Haryana,79.1,65.7,47.8,43.9,68.7,56.8,29.3,21.2,35.4,76.3,123.9,92.4,61.70833333,29.2396596,75.8174505
Siwan,Bihar,80,70.1,70.9,31.9,66.5,49.9,37.3,58.3,64,37.6,79.6,70.6,59.725,26.131008,84.3910745
Buxar,Bihar,--,115.9,61.6,48.3,99.1,80.8,29.3,22,17.2,50.5,101.6,64.8,62.82727273,25.5044834,84.1097525
Ludhiana,Punjab,83.3,53.4,44.6,47,63.8,73.2,43.5,37.4,44.4,63.9,108.5,67.8,60.9,30.9090157,75.851601
Pali,Rajasthan,92.1,46.2,64.8,59.5,62,50.5,39.6,27.1,35.9,54.2,72.2,102.4,58.875,25.455221,73.419389
Bulandshahr,Uttar Pradesh,106.7,70.4,46.7,47.4,57.3,41.7,25,17.3,27.6,75.5,120.5,81.3,59.78333333,28.3874073,77.9743805
Purnia,Bihar,109.8,81.8,45.3,34.8,35.5,30.3,39.5,22.1,36.9,63.1,83.2,88.1,55.86666667,25.7758723,87.4087667
Panchkula,Haryana,85.8,41.6,33.9,45.3,88.2,84.5,41.2,24.2,38.5,64.8,92.8,63.8,58.71666667,30.6975401,76.8551066
Mandideep,Madhya Pradesh,62.1,80.3,69.5,45.8,57.3,41.9,19.4,18.5,29.7,68.6,126,98.8,59.825,23.093838,77.5114296
Meerut,Uttar Pradesh,102.9,56.6,40.2,36.6,55.8,33.4,26.5,18.3,33.3,89.1,132.6,77.3,58.55,29.0018557,77.7679671
Barrackpore,West Bengal,107.3,83.1,55.9,58.7,27.3,31,23.9,37,34.7,45.1,97.1,116.4,59.79166667,22.7641623,88.3776088
Bhiwadi,Rajasthan,--,62.7,39.8,47.8,77.9,44.1,34.5,22.8,38.2,68.6,129.1,74.9,58.21818182,28.2039413,76.837441
Sonipat,Haryana,104.1,63.7,30.3,27.9,50.9,61.2,24.1,16.9,20.5,76.3,141.9,73.2,57.58333333,28.9953758,77.0233627
Rajgir,Bihar,151.8,67.6,49.5,29.3,38.3,54.5,15.2,11.8,31,53.2,86.4,70.1,54.89166667,25.0299973,85.4207368
Amritsar,Punjab,72.2,56.7,36.8,46.6,62.5,67.8,41.7,34.9,34.4,58.5,109.9,62.9,57.075,31.6356659,74.8787496
Howrah,West Bengal,106.2,71.1,50.8,51,27.8,28.6,21.1,26.4,29.2,45.7,108.1,120.7,57.225,22.5736296,88.3251045
Kurukshetra,Haryana,87.2,56.7,36.7,46.5,70.5,63.7,28.2,19.9,28.9,82.2,102.5,60.5,56.95833333,29.9693747,76.8482787
Yamuna Nagar,Haryana,72.3,68,46.1,47.5,61.1,56.9,30,22.6,27.8,77.8,96.4,68.5,56.25,30.1389108,77.301064
Samastipur,Bihar,92.6,86.3,51,64.6,51.8,24,42.1,59.2,20.9,28.9,92.1,62.9,56.36666667,25.7747884,85.8672314
Bikaner,Rajasthan,131.1,62.1,37.5,29.3,47.2,56.3,26.4,18.6,24.4,47.3,113.3,74.6,55.675,28.0159286,73.3171367
Lucknow,Uttar Pradesh,83.3,52.3,51.4,55.3,61.9,51.5,24.1,22.8,26.1,55,104.1,79.5,55.60833333,26.8381,80.9346001
Jhunjhunun,Rajasthan,98.2,69.3,42.8,30.9,46.2,52,20.8,13.8,22.5,54.2,118.1,94.7,55.29166667,28.1070891,75.3900287
Aurangabad,Maharashtra,76.8,78.4,41.7,36.1,37,39.4,46.7,39,18.5,32,74.6,97.5,51.475,19.877263,75.3390241
Tonk,Rajasthan,95.8,75.6,54.2,32.9,33.9,27.8,15.3,11.4,23.8,55,100.4,92.4,51.54166667,26.122266,75.8238631
Jind,Haryana,74.8,53.8,34.5,33.8,54.1,43.9,20.8,15.1,29.6,77.3,137.5,77.4,54.38333333,29.3152073,76.314082
Jaipur,Rajasthan,103,58.4,38.8,38.8,50.7,41,26.6,21.8,28.9,61.4,94.2,81.1,53.725,26.9154576,75.8189817
Gwalior,Madhya Pradesh,102,68.5,52.2,37.4,45.4,30,17.4,18.1,25,53.3,107.1,86.8,53.6,26.2037247,78.1573628
Kota,Rajasthan,119.4,68.4,48.4,37.4,40.3,29.8,24,20.1,21.3,49.9,90.9,92.7,53.55,25.1737019,75.8574194
Chittorgarh,Rajasthan,87.7,50.7,41.4,37,48.6,46.5,40.2,33.8,50,44.3,80.7,78,53.24166667,24.7171578,74.4718129
Kaithal,Haryana,80.2,55,39.2,34.1,54.6,40.4,32.4,19.4,29,82,109.8,66.8,53.575,29.7996588,76.3989903
Guwahati,Assam,126.7,93.3,81,60.5,34.9,22.8,15.4,25.7,26.5,30,43,79.7,53.29166667,26.1805978,91.753943
Gummidipoondi,Tamil Nadu,89.9,62.7,50.8,36.4,26.5,36.1,47.6,37.9,48,59.4,81.6,63,53.325,13.4308848,80.0821379
Bada Barabil,Odisha,96,63.6,64.4,66.5,49.4,38.6,19.8,18.4,17.9,46.2,76.6,72.8,52.51666667,22.1118877,85.3868485
Udaipur,Rajasthan,70.6,67,60,52.2,49.9,43,31.2,25.2,31.6,51.3,65.4,83.8,52.6,24.578721,73.6862571
Churu,Rajasthan,95.8,57.3,36.2,25.9,39,37.8,19.1,20.3,28.9,44.4,119.2,97.6,51.79166667,28.2047781,74.6912996
Khurja,Uttar Pradesh,55.2,36.7,47.1,46.4,54.4,43.2,33.7,26,33,78.5,99.3,72.4,52.15833333,28.2062807,77.8764368
Parbhani,Maharashtra,52.5,48.8,81.4,54.9,40.6,26.6,16.9,19.6,25.6,48.1,98.5,66.3,48.31666667,19.2901981,76.6026443
Bettiah,Bihar,41.6,37.3,69.9,76.7,60.6,30.4,14.1,18.5,22.9,64.3,79.1,55.4,47.56666667,26.8023,84.5074
Jalna,Maharashtra,65.8,57.5,79.5,31.3,29.9,28.2,37.8,47.8,65.9,53.3,78.7,47.8,51.95833333,19.918833,75.8708599
Sikar,Rajasthan,109.5,61.4,35.4,30.4,38.4,34.1,19.4,19.5,22.1,52.9,105.4,90.4,51.575,27.6625058,75.0279905
Katihar,Bihar,99.6,69,49.4,30.5,23.8,24.9,12.8,25.3,28.7,51.5,85,91.5,49.33333333,25.5586421,87.6457196
Gorakhpur,Uttar Pradesh,68.3,54.5,59.8,53.1,60.5,48.2,25,29.7,30.5,69.4,67,49.9,51.325,26.6677977,83.3642334
Arrah,Bihar,148.4,68.4,44,37.9,33,25.2,21.1,22.4,18,25.1,48.9,72.5,47.075,25.560317,84.6632139
Balasore,Odisha,148.6,81.7,44.9,46.4,15.7,18.6,27.1,22.5,15.2,30.6,74.2,85.8,50.94166667,21.5006421,86.919884
Ulhasnagar,Maharashtra,84.2,68.5,63.6,59.6,39.8,29,22.5,24.5,30.8,49.1,82.7,66.9,51.76666667,19.2236329,73.1671515
Malegaon,Maharashtra,58.6,65.2,68,62.1,58.3,30.9,22,21.6,24.6,52.6,95.5,59.5,51.575,20.5576062,74.5246514
Rourkela,Odisha,74.6,65.4,58.4,65.4,49.1,50.8,23.3,23.7,22.8,39.5,71.6,72.7,51.44166667,22.2309255,84.8678705
Ahmedabad,Gujarat,64.8,58.2,60.5,56.5,56.4,40.6,30.3,24,32.1,56.8,69.5,61.9,50.96666667,23.0215374,72.5800568
Barbil,Odisha,90,67.4,57.7,75.3,43,32.6,14.3,24.3,30.9,39.3,67.5,70.1,51.03333333,22.1048613,85.3690447
Baripada,Odisha,111.8,94.2,65.7,81.4,28.2,31,18,21.7,16.3,31.5,54,67.8,51.8,21.9342456,86.7308825
Karauli,Rajasthan,126,97.3,31.8,34.8,29.9,46.6,21.9,10.1,22.4,46.5,80.6,37.3,48.76666667,26.4530971,77.0160461
Bharatpur,Rajasthan,92.4,29.4,49.6,82.5,73.7,48.2,15.3,7.4,15.3,50.9,84,57.4,50.50833333,27.0246959,77.2920116
Badlapur,Maharashtra,81.2,63.5,65,63.1,36.7,31.2,18.9,21.1,28.1,46.9,84.2,60.8,50.05833333,19.1666237,73.2389064
Khanna,Punjab,56.7,42.8,37.7,40.3,60.7,51.8,32.1,36.7,39.2,62.2,84.6,52.5,49.775,30.700625,76.2220763
Boisar,Maharashtra,85.1,71.2,53.2,49,39.1,37.9,27.6,23.5,29.3,48.7,77.9,73.9,51.36666667,19.7984865,72.761452
Jalgaon,Maharashtra,54.6,62,67.3,56.8,50.6,26.3,14.9,16.9,24.5,56,100.6,53.6,48.675,20.8428826,75.5261246
Motihari,Bihar,86.4,68,38.6,38.6,37.3,33,30.5,22.2,24.2,29,73.1,82.5,46.95,26.6506888,84.9114654
Jalandhar,Punjab,72.1,48.3,39.2,30.8,54.5,52.6,32.7,27.9,26.2,53.1,94.3,52.9,48.71666667,31.2922311,75.5678878
Fatehabad,Haryana,77.8,59,38.3,27.8,61.4,44,17.2,17.1,30,75.6,103.7,52.8,50.39166667,29.5359209,75.5752901
Vapi,Gujarat,103,99.8,47.1,34.6,24.1,13.2,13.4,17.8,17.7,39.5,69.6,88.7,47.375,20.3735482,72.9084376
Rupnagar,Punjab,87.9,40.1,46.5,42.6,73,45.1,30.3,18.5,26.8,46.6,72.8,49.4,48.3,31.0917102,76.5289701
Karnal,Haryana,64,35.1,44.2,44.8,60.2,48,17,24.6,29.8,63.9,94.3,52,48.15833333,29.7255766,76.9106924
Gaya,Bihar,85.4,54.5,47.2,42.6,42,37.3,22.7,20.1,25,53.6,79.3,66.4,48.00833333,24.6793889,85.0115833
Patiala,Punjab,69.6,47.1,42,40.1,51.2,50.1,26.6,17.4,26.6,60.3,91.9,53.6,48.04166667,30.2092777,76.3397231
Narnaul,Haryana,54.3,38.1,31.2,43.5,67.1,36.5,25.1,29.3,32.9,45.5,93.3,96.8,49.46666667,28.0438456,76.1062015
Baghpat,Uttar Pradesh,98.9,61.1,39.6,44.2,56.3,32.6,10.7,6.6,16.3,39.9,108.2,56.7,47.59166667,29.0374779,77.3062737
Dhule,Maharashtra,66.6,63.5,63.4,52.2,48.8,32.1,19.6,17.5,22.3,42.3,88.8,53.2,47.525,21.1305215,74.4900614
Nagaon,Assam,94.2,91.7,60.7,52.5,48.4,39.4,16.5,15.4,36.4,21.3,31.1,67.2,47.9,26.3313646,92.7524763
Byasanagar,Odisha,104.1,72.6,43.7,57.2,21.3,24.2,14.5,19,18.6,35.7,67.1,76.7,46.225,20.9587602,86.1226688
Banswara,Rajasthan,69.2,53.1,39.3,47.4,86.1,31.1,24.9,25.1,23.6,39.5,63.5,63.2,47.16666667,23.4915046,74.3502172
Dehradun,Uttarakhand,108.3,51.5,39.4,36.2,54.8,37.2,17.7,13,17.8,48.4,77.2,56.8,46.525,30.3255646,78.0436813
Bhiwandi,Maharashtra,78.5,53,54.7,38.9,45.1,32.9,24.1,20.2,25,44.7,88.2,67.4,47.725,19.3025562,73.0588072
Sirsa,Haryana,59.8,40.2,35.1,39.2,62.5,53.9,15.2,9.1,18.2,59.3,123,56.4,47.65833333,29.6063041,74.9036568
Pithampur,Madhya Pradesh,72.3,52.3,42.8,36,31.5,27.3,22.4,23.4,34.3,64.4,73.2,82.6,46.875,22.6105576,75.6790283
Nagpur,Maharashtra,75.8,57.6,53,45,42.4,26.8,16.1,17.6,24.8,49.9,82.2,68.2,46.61666667,21.5071955,78.9725097
Kashipur,Uttarakhand,81.3,51.3,45.9,43.5,51.4,40.3,24.8,29,23.5,48.4,66.2,51.4,46.41666667,29.2117573,78.9617306
Nayagarh,Odisha,75.3,69.9,66.3,90.2,44.2,38.3,15.1,17.5,18.8,21.8,37.8,55.4,45.88333333,20.2393682,85.050728
Suakati,Odisha,83,61.9,61.1,66.5,39.7,32.5,17,19.5,23.7,36.8,65.4,52.5,46.63333333,20.1231,85.1038
Pimpri Chinchwad,Maharashtra,79.8,76.8,58.6,49.7,36.8,16.6,12.7,13.2,16.7,39.1,93.9,62.2,46.34166667,18.6279288,73.8009829
Bhubaneswar,Odisha,114.8,64.4,35.8,48.5,22.9,23.5,17.8,15.7,17.8,31.3,74.7,81.2,45.7,20.2602964,85.8394521
Rairangpur,Odisha,83.5,50.7,47.9,60.5,36.4,38.5,22,23.6,24,40.8,62.1,58.1,45.675,22.215745,86.2325462
Kolkata,West Bengal,104.6,68.9,44.8,41.7,20.2,21.7,16.7,21.1,21,36.5,74.4,76.6,45.68333333,22.5726459,88.3638953
Visakhapatnam,Andhra Pradesh,88.2,50.6,40.7,36.9,26.3,30.4,29.5,25.8,44.6,47.1,66.7,60.3,45.59166667,17.6935526,83.2921297
Dausa,Rajasthan,79.9,60.2,38.3,30.5,45,38.8,34.5,22.8,30.3,34.8,63.9,63.9,45.24166667,26.8048658,76.4437457
Cuttack,Odisha,124,71.2,34.8,41,16.7,22.7,17.4,12.9,16.6,28.3,70.3,80,44.65833333,20.4686,85.8792
Bhilwara,Rajasthan,84.2,54.7,57.5,29.1,33.3,18.9,24.9,18.7,26.5,40.8,67.8,79.8,44.68333333,25.4891177,74.3300726
Kanpur,Uttar Pradesh,62.5,47.2,44.6,44.3,53.1,40.3,20.2,20.8,28.4,57.2,73.8,50.9,45.275,26.4635198,80.246895
Ujjain,Madhya Pradesh,80.2,45.5,37.8,34.5,33.3,41,23.3,18.6,30.4,62.2,80.8,48.9,44.70833333,23.1885131,75.7716562
Aurangabad,Maharashtra,81.6,65.9,52.8,46.8,52.9,31.4,16,18.7,22,35.2,61.9,54.3,44.95833333,19.877263,75.3390241
Bundi,Rajasthan,100.1,57.2,32.4,25.8,31.6,26,24.8,21.3,24.2,43.3,71.8,80.2,44.89166667,25.4367659,75.7361471
Mahad,Maharashtra,56.5,57.4,56.5,53.7,44.5,23.4,16.4,20.5,20.7,44,84.1,61.6,44.94166667,18.080753,73.42438
Bhopal,Madhya Pradesh,79,50.8,33.1,31,29.1,20.4,15.2,20.1,26.1,54.9,95.7,77.3,44.39166667,23.2584857,77.401989
Dewas,Madhya Pradesh,64.4,47.5,37,43,27.2,24.9,20.8,24.2,30.9,59.8,72.7,69.6,43.5,22.8057498,76.2940408
Bihar Sharif,Bihar,45.6,55.3,46,37.3,36.7,42,17.4,11.2,18.1,27,90,99.7,43.85833333,25.193859,85.5208617
Ambala,Haryana,59.5,38.1,31.3,29.9,39.1,36.5,37.5,32.6,27.8,57.9,82.1,52.3,43.71666667,30.3843674,76.770421
Virar,Maharashtra,53.1,59.4,56.2,40,29.4,23.3,25.6,23.4,26,44.9,74.9,66.2,43.53333333,19.4497996,72.8120613
Kolhapur,Maharashtra,60.2,65.6,58.2,55.4,42.8,21.4,17.1,15.6,18.9,41.6,77.4,48.6,43.56666667,16.7028412,74.2405329
Ankleshwar,Gujarat,66,55.7,44.5,38,33.4,24.6,20.4,18.9,30.1,48.7,70.5,68.5,43.275,21.6293206,72.9945103
Dungarpur,Rajasthan,75.8,50.2,32,26.2,26.9,31,49,31.5,24.4,38,64.9,64.4,42.85833333,23.8538893,73.7087177
Kollam,Kerala,66.8,60.3,59.4,57.5,45,34.6,34.8,29.7,40.2,28.4,26.7,23.6,42.25,8.8870815,76.5907017
Keonjhar,Odisha,93.1,63.4,53.2,63.1,37.6,27.1,14.9,24.6,21.6,38.3,36.3,36.4,42.46666667,21.5,85.5
Jhalawar,Rajasthan,90.5,49.7,31,27,32,23.4,30,23.7,31.1,37.5,67.1,69.9,42.74166667,24.3132368,76.5221078
Chandrapur,Maharashtra,81.7,54.2,57.6,53.9,38.6,23.6,14.6,17.8,23.1,39.8,60.3,51,43.01666667,20.0967555,79.5045475
Bhayandar,Maharashtra,53.4,65.7,60,43.4,26.1,16.6,15.7,14.5,16.9,43.3,80.5,70.4,42.20833333,19.3101847,72.8526988
Baran,Rajasthan,67.7,54.5,40.9,36.3,29.8,20.4,17.4,16.5,18.8,51.3,80.2,63.7,41.45833333,24.9208165,76.6821985
Sawai Madhopur,Rajasthan,62.3,46,53.8,42.8,43.9,40.7,15.8,19.9,23.2,33.8,80.2,31.4,41.15,26.1137182,76.4240637
Jabalpur,Madhya Pradesh,74,46.3,47.3,37.4,35.7,30.5,17.1,13.5,19.9,48.3,73.4,52.1,41.29166667,23.1701522,79.9324505
Ajmer,Rajasthan,56.3,37.7,44,37.7,49.3,39.5,29.2,28.5,29,39.7,49,53.4,41.10833333,26.4691,74.639
Alwar,Rajasthan,63.9,40,36.6,41.9,51.8,45.1,29.8,19,22.2,35.7,59.2,47.8,41.08333333,27.4140048,76.6170387
Nanded,Maharashtra,60.5,48.3,65.5,48.5,38,18.2,15.5,16.5,18,38.8,66.9,45.2,39.99166667,19.0940088,77.4831922
Jalore,Rajasthan,77.6,44.8,32.8,28.9,29.9,26.6,24.6,13.6,20.6,40.2,60.1,89.8,40.79166667,25.2718629,72.4388121
Moradabad,Uttar Pradesh,63.1,39.7,39.6,33.9,38.7,29.9,21.3,18.7,23,60.2,70.8,52.4,40.94166667,28.8796553,78.8095335
Kohima,Nagaland,48.8,63.9,61.1,66.7,39.4,32.8,17.6,17.5,23.8,42.1,34.5,35.4,40.3,25.6618755,94.1019156
Nagaur,Rajasthan,81.6,46.2,27.3,28.4,26.2,30.9,17.7,11.9,17.5,37.3,73.6,82,40.05,26.9873443,73.7389011
Sasaram,Bihar,97.4,45.5,32.3,21.9,16.3,33.7,21.4,6.5,8.1,16.8,80.2,94.6,39.55833333,24.9509656,84.0148733
Belapur,Maharashtra,52.8,54,45.3,46.7,34.3,22.6,17.7,22.1,27.9,33.8,65.6,57.9,40.05833333,19.6197639,74.6599008
Jaisalmer,Rajasthan,95.5,41.8,26.9,26.5,38.8,27.1,22,11.6,18.9,32.8,53.5,80.2,39.63333333,26.9116615,70.9124888
Lonavla,Maharashtra,65.2,42.7,30,29.8,27.7,13.6,14.7,12.7,18.6,43.9,93.2,78.4,39.20833333,18.7618607,73.4038888
Latur,Maharashtra,63.2,54.8,56.1,47.1,35.6,16.8,13.1,12.9,18.4,29.1,75.6,53.2,39.65833333,18.3553347,76.7548997
Thane,Maharashtra,69.5,57.9,45,36.5,28.7,17.6,13.9,13.1,18.7,43.2,69.5,59.5,39.425,19.1943294,72.9701779
Siliguri,West Bengal,71.9,66.7,57.9,45.9,32.2,22.4,19.5,19.8,22,29.1,33.6,55.6,39.71666667,26.7164127,88.4309916
Gandhinagar,Gujarat,50.8,41.8,54,34.3,28.6,29.2,27.7,20.7,25.1,41.8,60.4,56,39.2,23.2232877,72.6492267
Tensa,Odisha,56.4,43.2,44.6,45.1,31.3,32.9,16.7,19.1,24.7,40,54.4,60,39.03333333,21.8782061,85.1842998
Katni,Madhya Pradesh,61.7,51.5,38.7,36,32,26.1,19.1,17.2,18.4,32,74,65.8,39.375,23.7176393,80.2610181
Imphal,Manipur,45.8,41.4,41,34.7,21.5,16.9,4,6.7,17.5,174.9,15.2,29.2,37.4,24.7991162,93.9364419
Ahmadnagar,Maharashtra,47.8,51.2,47.4,42.4,37.8,30.4,23.3,17.8,21,34.7,55.3,45.5,37.88333333,19.074352,74.7219979
Solapur,Maharashtra,58,61.3,61.3,48.4,37.1,20.6,16.1,17.5,20.6,28.1,57.7,38.3,38.75,17.8499067,75.2763203
Amaravati,Andhra Pradesh,67,49,53.6,40.2,33,19.3,12.5,12.9,18.3,41.1,61.6,52.8,38.44166667,16.5096679,80.5184535
Nashik,Maharashtra,55.8,40.8,35.8,35.1,32.4,21,17.4,20,19.1,37.7,80.8,63.4,38.275,20.0112475,73.7902364
Chittoor,Andhra Pradesh,35.2,33.8,38.3,43.5,41.8,28.8,35.3,25.7,31.2,37.1,48.1,47,37.15,13.2026484,79.0032253
Palwal,Haryana,37,44.4,40.3,41,44,36.2,21.4,21.6,19.2,44.8,64,32.4,37.19166667,28.0599426,77.3223422
Navi Mumbai,Maharashtra,64.4,62.4,48.7,41.3,34.5,16,13.7,14.1,16.1,31,59,49.6,37.56666667,19.0308262,73.0198537
Ratlam,Madhya Pradesh,50.1,40.6,35,38.3,31.9,24.8,19,15.3,21.3,50,61.9,57,37.1,23.50222,74.9551534
Kishanganj,Bihar,42.3,48.7,52.6,53.3,30.8,17.9,12.3,12.9,16.7,20.3,54.8,58.9,35.125,26.2984144,87.9466715
Akola,Maharashtra,58.8,60.3,44.1,33.2,33.1,21.2,16.8,16.3,16.5,35.7,60,45.5,36.79166667,20.7618122,77.1921157
Jodhpur,Rajasthan,68.7,39.9,28.1,26.5,23.3,20.8,16.8,11.3,16.8,38.6,72.8,76,36.63333333,26.2967719,73.0351433
Chhal,Chhattisgarh,47.1,39.2,46.8,48.5,41.9,30.4,12.5,21.5,27.1,46.6,40.4,32.9,36.24166667,22.0966151,83.1119426
Haldia,West Bengal,62.2,41.2,24.9,25.7,10.6,15.8,14.2,17.6,18.8,34.6,76.8,93.5,36.325,22.028124,88.0632655
Firozabad,Uttar Pradesh,61.5,37.4,31.1,32.5,33.8,29,13.6,19.8,30.3,47.8,56.5,42.5,36.31666667,27.1941954,78.4604956
Jhansi,Uttar Pradesh,52.9,37.5,30.9,30.1,36.3,34.9,23.3,25.6,21.3,35.7,55.3,48.2,36,25.529855,78.6527802
Rajsamand,Rajasthan,71.5,47.4,34.1,31.9,21,14.2,26.7,15.4,23.8,27.8,45.3,71.8,35.90833333,25.2892459,73.8241077
Bathinda,Punjab,43.5,34.6,23.8,28.6,32.9,48.2,41.5,19.3,26.2,42.8,50.9,36.1,35.7,30.1794813,75.0471098
Indore,Madhya Pradesh,59.5,47.3,40.9,38.4,34,22.5,15.4,14.1,19.7,38.4,59.2,36.1,35.45833333,22.7203616,75.8681996
Amravati,Maharashtra,60,43.1,45.5,37.7,33.7,22,14.5,14.4,18.5,34.8,56.7,41.4,35.19166667,21.1545412,77.6442962
Pune,Maharashtra,53.7,51.3,42.6,36.1,29.7,18.4,13.4,15.2,15.9,31.7,63.2,52.7,35.325,18.5213738,73.8545071
Coimbatore,Tamil Nadu,72.7,53.3,49.4,37.1,27.8,16.4,14.5,18,19,24.1,44.7,46.8,35.31666667,11.0018115,76.9628425
Shillong,Meghalaya,45,52.5,49.9,50.2,30.9,21.7,7.3,8.4,10.3,40.3,38.8,21.7,31.41666667,25.5760446,91.8825282
Bidar,Karnataka,67.2,42.2,40,43.8,31.9,14.2,6.5,11.9,20.8,24.5,54.3,42.9,33.35,18.0207296,77.2487204
Mumbai,Maharashtra,51.5,48.9,34.9,31.2,23.3,13.8,12.3,11.6,13.6,34.1,65.3,64.2,33.725,19.054999,72.8692035
Pratapgarh,Uttar Pradesh,61.7,39.1,27.3,28.2,21.2,13.5,16.6,15.3,23.5,37.5,56.9,62.7,33.625,25.75,81.75
Vatva,Gujarat,51.5,52.8,53.5,33.6,23.6,20.5,23.5,29.9,24,21.1,33.2,32.7,33.325,22.9589978,72.6297981
Sangli,Maharashtra,69.1,73.4,53,38.6,23.3,11.8,8.5,8.1,8.5,22.1,40.1,31.3,32.31666667,17.1726928,74.5867654
Sirohi,Rajasthan,51.6,35.2,33.8,29.8,22.7,17.8,15.7,14.4,19,28.4,39.1,72.5,31.66666667,24.8114047,72.8300257
Dharwad,Karnataka,40.1,39.4,34.1,38.3,29,22,28.5,22.9,23.9,26.6,50,32.4,32.26666667,15.3707296,75.1332867
Vijayawada,Andhra Pradesh,39.5,38.7,36.8,29.3,31.3,29.7,26.6,25.7,33.4,30.6,33.1,36.8,32.625,16.5115306,80.6160469
Yadgir,Karnataka,50.2,36.8,38.8,35.8,23.6,9.1,9.6,19.1,21,27,64,45.3,31.69166667,16.5744123,76.9254434
Surat,Gujarat,34.6,26.6,20.8,7.8,43.4,12.1,19.3,18.3,24,64.1,77.9,38.7,32.3,21.2094892,72.8317058
Rishikesh,Uttarakhand,55.9,30.4,27.3,31.8,44.4,38.8,19.8,13.3,11.3,29.3,55.8,29.1,32.26666667,30.1086537,78.2916193
Rajamahendravaram,Andhra Pradesh,86.2,44.2,30.3,22.7,17.7,18.4,11.7,12.5,16.9,26.1,53.5,46.4,32.21666667,17.0050454,81.7804732
Tumakuru,Karnataka,46.9,22,35.2,51.3,40.2,17.6,22.1,32.4,17.4,17.5,50.9,55.9,34.11666667,13.4192512,76.8810004
Agra,Uttar Pradesh,58,30.6,30.2,25,27.7,20.6,14.3,8.8,15.7,41.3,64.1,43,31.60833333,27.1752554,78.0098161
Kadapa,Andhra Pradesh,30.1,32.7,27.3,23.7,38.4,32.2,29.2,27.9,30.2,31.7,33.4,41.2,31.5,14.4752936,78.8216861
Bhilai,Chhattisgarh,54.5,29.6,30,26.1,28.7,18.6,12.2,19.5,22.6,32.5,58.2,46,31.54166667,21.2120677,81.3732849
Sagar,Madhya Pradesh,48.9,33.4,22.5,22.4,23.9,19.7,12.6,15.8,14.9,36.1,57.3,64.2,30.975,23.8083076,78.758254
Gharghoda,Chhattisgarh,38.5,29.6,35.3,48.9,38.3,31.1,8.6,14.2,15.3,32.9,37.7,36.5,30.575,22.1674127,83.3485457
Kannur,Kerala,27.1,30.8,33.5,37.3,39.1,28.4,26.8,--,--,--,19.9,27.6,30.05555556,11.8763836,75.3737973
Naharlagun,Arunachal Pradesh,44.9,42.1,45.9,44.6,19.1,16.9,13.1,15.4,17.4,18.9,29.1,44.3,29.30833333,27.1308555,93.709712
Hyderabad,Telangana,39.5,31.5,33.8,35.4,28.3,20.7,16.5,19.8,22.9,31.1,50.3,37.2,30.58333333,17.360589,78.4740613
Brajrajnagar,Odisha,44.1,37.5,37.9,38.2,29.2,24.3,12.7,10.4,15.8,28,41.8,36,29.65833333,21.8498594,83.9254698
Bengaluru,Karnataka,44,37.9,45.3,34.4,24.1,15.4,14.3,19.5,20.8,30.7,39.1,34.7,30.01666667,12.9881567,77.6226
Tirupati,Andhra Pradesh,35.9,31.6,37.8,32.8,25.9,20.6,15.8,13.8,15.6,29.6,48.3,47.7,29.61666667,13.6316368,79.4231711
Prayagraj,Uttar Pradesh,61.4,33.8,26.9,21.8,27.2,25.9,12.2,10.5,13.9,24.3,48.6,49.4,29.65833333,25.4381302,81.8338005
Bilaspur,Chhattisgarh,49.6,32.1,26.4,30.5,31.8,22.9,16.2,12.9,19,31.4,46.9,35.2,29.575,22.1638486,82.1365923
Mandikhera,Haryana,12.8,24,19.2,23.2,26,20.6,14.6,10,45.9,64.8,63.9,21.7,28.89166667,27.897075,76.9922014
Eloor,Kerala,30.1,28.3,25,23.6,20.3,18.4,29.2,28.4,30.9,30,42.8,41.1,29.00833333,10.0669964,76.2989276
Chikkaballapur,Karnataka,49.2,42.8,46.5,36.4,24.9,11.3,11.6,11.3,13.1,22.2,40.8,32.5,28.55,13.0993764,77.388729
Barmer,Rajasthan,52.7,28.8,18.8,18.3,24.3,24.5,17.9,11.4,14.8,24.1,43.8,58.3,28.14166667,25.5814853,71.1924922
Cuddalore,Tamil Nadu,39.6,35.2,36.2,41.6,24.5,17.6,15.1,15.2,16.2,36.1,33.4,34.7,28.78333333,11.520207,79.3396356
Vellore,Tamil Nadu,52,40.3,27.4,22.9,26.1,16,13.4,15.6,21.2,28,37.8,44,28.725,12.9021849,79.061104
Davanagere,Karnataka,39.5,29.4,37.6,35.1,23.2,12.3,10.9,12.1,12.7,31.3,47.4,40.1,27.63333333,14.2558835,75.8303421
Anantapur,Andhra Pradesh,32.5,27.9,27.8,22.6,23.1,22.9,24.3,26,25.1,36.9,37.2,25.5,27.65,14.72422,77.4306738
Sravana Belgola,Karnataka,42.5,33.2,45.6,39.1,26.9,17,14.5,14,14.8,21.5,32.8,35.7,28.13333333,19.2403,73.1305
Kalyan,Maharashtra,40.4,36.2,35.9,32.4,17.4,11.2,9.4,8.4,7.3,20.2,52.6,57.4,27.4,19.2396742,73.1366482
Honnali,Karnataka,39.7,29.9,37.6,34.8,23.5,12.4,11.1,12.1,12.5,29.7,47,39.6,27.49166667,14.2389785,75.6457434
Thiruvananthapuram,Kerala,36.2,35.4,39.2,32.8,32.5,18,15.5,20,18.9,24.1,33.4,24.1,27.50833333,8.4882267,76.947551
Haveri,Karnataka,49.5,35.1,34.6,32.9,23.1,12,10.6,8.9,12,33.1,47.1,19.1,26.5,14.7180267,75.3656423
Ooty,Tamil Nadu,37.8,25.4,37.5,29.1,31.6,17.1,17.3,17.2,20.3,24.9,28.8,29.4,26.36666667,11.4126769,76.7030504
Hassan,Karnataka,42.3,32.8,37.1,36.1,25.3,17.5,13,14.5,13.2,26,34.1,36,27.325,13.0301852,76.1744968
Mangalore,Karnataka,39.4,37.9,34.6,29.8,19.3,16.6,15.7,16.2,19.4,24.5,25,37.1,26.29166667,12.8698101,74.8430082
Hubballi,Karnataka,33.5,24,31.1,30.9,27.4,25.1,22.2,17.2,17,21.2,40.1,28,26.475,15.3518378,75.1379848
Raipur,Chhattisgarh,42.5,30.3,29,25.3,23.3,17.5,9.7,15.8,14.9,26.1,44.1,36.5,26.25,21.2380912,81.6336993
Trichur,Kerala,30.5,30.1,28.6,28.5,28.5,27.9,21.5,20.5,21.3,20.1,26.7,27.7,25.99166667,10.5161402,76.2084616
Chennai,Tamil Nadu,45,34,28.4,16.8,14.4,16.2,16.9,14.5,19.1,27.5,43,36.2,26,13.0836939,80.270186
Amaravati,Andhra Pradesh,63.2,29.2,22.3,19.5,17.8,14.3,9.5,9.3,13.8,24.9,50,41.1,26.24166667,16.5096679,80.5184535
Ramanagara,Karnataka,40.1,34.7,35.2,33.4,23.9,10.1,12.1,10.9,13.6,22,41.1,28.8,25.49166667,12.720006,77.3184199
Semmandalam,Tamil Nadu,44.9,31.9,27.2,15.5,19.8,18.9,16,23.3,31.7,53.7,49.9,50.4,31.93333333,11.7647483,79.749938
